S001/1,4
S001/2,4
S001/3,4
S001/4,5
S001/5,1
S001/6,1
S001/7,2
S001/8,7
S001/9,3
S002/1,6
S002/2,7
S002/3,1
S002/4,4
S002/5,1
S002/6,1
S002/7,2
S002/8,3
S003/1,6
S003/10,2
S003/2,4
S003/3,5
S003/4,3
S003/5,1
S003/6,1
S003/7,3
S003/8,2
S003/9,1
S004/1,1
S004/2,1
S004/3,1
S004/4,1
S004/5,1
S004/6,7
S004/7,4
S005/1,6
S005/10,1
S005/11,4
S005/12,4
S005/13,7
S005/14,3
S005/15,4
S005/2,6
S005/3,4
S005/4,7
S005/5,5
S005/6,5
S005/7,7
S005/8,5
S005/9,1
S006/1,1
S006/10,6
S006/11,3
S006/12,6
S006/13,6
S006/14,6
S006/15,3
S006/2,1
S006/3,1
S006/4,5
S006/5,4
S006/6,4
S006/7,4
S006/8,7
S006/9,7
S007/9,1
S008/1,1
S008/10,4
S008/11,4
S008/12,5
S008/13,4
S008/14,7
S008/15,6
S008/16,6
S008/17,3
S008/18,3
S008/19,2
S008/2,1
S008/20,5
S008/3,1
S008/4,5
S008/5,2
S008/6,7
S008/7,7
S008/8,4
S008/9,8
S009/1,3
S009/2,4
S009/3,1
S009/4,1
S010/1,1
S010/2,1
S010/3,1
S010/4,8
S010/5,4
S010/6,6
S011/1,1
S011/10,7
S011/11,2
S011/2,4
S011/3,5
S011/4,4
S011/5,7
S011/6,6
S011/7,4
S011/8,7
S011/9,3
S012/1,1
S012/2,1
S012/3,7
S013/1,1
S013/2,1
S013/3,3
S013/4,4
S013/5,2
S013/6,5
S014/1,3
S014/10,4
S014/11,3
S014/12,4
S014/13,6
S014/2,5
S014/3,4
S014/4,7
S014/5,3
S014/6,6
S014/7,1
S014/8,1
S014/9,5
S015/1,1
S015/10,3
S015/11,7
S015/12,3
S015/13,7
S015/2,1
S015/3,5
S015/4,5
S015/5,4
S015/6,4
S015/7,4
S015/8,3
S015/9,8
S016/1,3
S016/2,1
S016/3,5
S016/4,4
S016/5,5
S017/1,1
S017/2,3
S017/3,8
S017/4,1
S017/5,4
S017/6,2
S017/7,2
S017/8,1
S017/9,4
S018/1,4
S018/2,7
S018/3,6
S018/4,1
S018/5,4
S019/1,1
S019/2,7
S019/3,3
S020/1,1
S020/2,5
S020/3,3
S020/4,3
S021/1,1
S021/10,1
S021/2,6
S021/3,2
S021/4,7
S021/5,3
S021/6,8
S021/7,4
S021/8,2
S021/9,2
S022/1,2
S022/10,3
S022/11,4
S022/12,4
S022/13,2
S022/14,2
S022/15,2
S022/16,2
S022/17,1
S022/18,7
S022/19,5
S022/2,5
S022/20,1
S022/21,7
S022/3,2
S022/4,4
S022/5,5
S022/6,4
S022/7,4
S022/8,2
S022/9,1
S023/1,4
S023/2,1
S023/3,1
S023/4,1
S023/5,5
S023/6,6
S023/7,4
S023/8,1
S024/1,3
S024/10,2
S024/11,5
S024/12,4
S024/13,4
S024/14,4
S024/15,5
S024/16,5
S024/17,1
S024/2,3
S024/3,2
S024/4,7
S024/5,5
S024/6,1
S024/7,3
S024/8,4
S024/9,1
S025/1,1
S025/2,4
S025/3,3
S026/1,7
S026/10,4
S026/11,3
S026/12,3
S026/13,3
S026/14,2
S026/15,4
S026/16,4
S026/17,2
S026/18,6
S026/19,6
S026/2,3
S026/3,3
S026/4,3
S026/5,2
S026/6,1
S026/7,1
S026/8,1
S026/9,5
S027/1,3
S027/2,4
S027/3,2
S027/4,2
S027/5,1
S028/1,1
S028/2,1
S028/3,4
S028/4,7
S028/5,1
S028/6,3
S028/7,7
S029/1,1
S029/2,5
S029/3,1
S030/1,3
S030/2,1
S030/3,1
S030/4,6
S030/5,4
S030/6,6
S030/7,5
S031/1,1
S031/2,4
S031/3,4
S031/4,1
S031/5,5
S031/6,1
S031/7,5
S031/8,1
S032/1,1
S032/2,1
S032/3,5
S032/4,5
S032/5,6
S032/6,1
S032/7,4
S033/1,3
S033/2,6
S033/3,1
S033/4,1
S034/1,3
S034/2,1
S034/3,1
S034/4,7
S034/5,4
S034/6,3
S035/1,3
S035/2,2
S035/3,2
S035/4,3
S035/5,7
S035/6,7
S035/7,1
S035/8,1
S035/9,4
S036/1,1
S036/10,7
S036/11,7
S036/2,7
S036/3,2
S036/4,1
S036/5,1
S036/6,5
S036/7,4
S036/8,4
S036/9,7
S037/1,6
S037/2,1
S037/3,1
S037/4,7
S037/5,3
S037/6,3
S038/1,4
S038/2,1
S038/3,1
S038/4,2
S039/1,1
S039/10,2
S039/11,2
S039/12,2
S039/13,2
S039/2,3
S039/3,1
S039/4,4
S039/5,1
S039/6,4
S039/7,1
S039/8,2
S039/9,7
S040/1,1
S040/2,4
S040/3,4
S040/4,7
S040/5,7
S040/6,7
S040/7,7
S040/8,7
S040/9,7
S041/1,1
S041/2,1
S041/3,3
S041/4,4
S041/5,3
S042/1,1
S042/10,7
S042/2,1
S042/3,1
S042/4,4
S042/5,5
S042/6,5
S042/7,5
S042/8,2
S042/9,7
S043/1,3
S043/10,2
S043/11,2
S043/2,4
S043/3,6
S043/4,5
S043/5,1
S043/6,4
S043/7,7
S043/8,5
S043/9,4
S044/1,1
S044/10,3
S044/11,7
S044/2,1
S044/3,7
S044/4,3
S044/5,1
S044/6,5
S044/7,3
S044/8,1
S044/9,4
